Workbook

Sheet Summary
A1: SMV (s) | B1: 343 | D1: PO | E1: 1851
A2: SMV (p) | B2: =B1/60 -> 5.7166667 | D2: Style | E2: YT61I4O0
A3: MO | B3: 24 | D3: Xưởng may (Factory) | E3: 5
A4: Target/h | B4: =60*60/MAX(B7:B36) -> 211.98916 | D4: Chuyền (Line) | E4: 12
A6: Worker ID | B6: Total_Load_sec (Tổng thời gian) | C6: Takt-time (Thời gian chuẩn) | D6: Operation + Hour Target (Công đoạn + Mục tiêu theo giờ) | E6: Rank Suggest (Bậc CN) | F6: Workers name (Nhân công) | G6: Station (Trạm) | H6: Takt-time (Thời gian chuẩn)
A7: {="W"&TEXT(_xlfn.SEQUENCE($B$3), "00")} -> W01 | B7: =SUMIF(Link!$E$2:$E$521,Summary!A7,Link!$F$2:$F$521) -> 15 | C7: =IF(Operations!$G$3=0,$B$1/$B$3,($B$1+Operations!$F$3)/$B$3) -> 15.125 | D7: {=IF(A7<>0,_xlfn.TEXTJOIN(", ",TRUE,_xlfn._xlws.FILTER(Link!$H$2:$H$521,(Link!$E$2:$E$521=Summary!A7)*(Link!$F$2:$F$521>0))),0)} -> Treo móc: 180 | E7: =IF(OR(B7=0,H7=0),0,IF(B7<=H7,"Bậc 2/Bậc 3","Bậc 4/Bậc 5")) -> Bậc 2/Bậc 3 | H7: =IF(Operations!$G$3=0,$B$1/$B$3,($B$1+Operations!$F$3)/$B$3) -> 15.125
A8: W02 | B8: =SUMIF(Link!$E$2:$E$521,Summary!A8,Link!$F$2:$F$521) -> 13.766 | C8: =IF(Operations!$G$3=0,$B$1/$B$3,($B$1+Operations!$F$3)/$B$3) -> 15.125 | D8: {=IF(A8<>0,_xlfn.TEXTJOIN(", ",TRUE,_xlfn._xlws.FILTER(Link!$H$2:$H$521,(Link!$E$2:$E$521=Summary!A8)*(Link!$F$2:$F$521>0))),0)} -> Nối bo cổ RIB : 262, Treo móc: 65 | E8: =IF(OR(B8=0,H8=0),0,IF(B8<=H8,"Bậc 2/Bậc 3","Bậc 4/Bậc 5")) -> Bậc 2/Bậc 3 | H8: =IF(Operations!$G$3=0,$B$1/$B$3,($B$1+Operations!$F$3)/$B$3) -> 15.125
A9: W03 | B9: =SUMIF(Link!$E$2:$E$521,Summary!A9,Link!$F$2:$F$521) -> 15.798 | C9: =IF(Operations!$G$3=0,$B$1/$B$3,($B$1+Operations!$F$3)/$B$3) -> 15.125 | D9: {=IF(A9<>0,_xlfn.TEXTJOIN(", ",TRUE,_xlfn._xlws.FILTER(Link!$H$2:$H$521,(Link!$E$2:$E$521=Summary!A9)*(Link!$F$2:$F$521>0))),0)} -> Lộn + lược chân bo cổ: 228 | E9: =IF(OR(B9=0,H9=0),0,IF(B9<=H9,"Bậc 2/Bậc 3","Bậc 4/Bậc 5")) -> Bậc 4/Bậc 5 | H9: =IF(Operations!$G$3=0,$B$1/$B$3,($B$1+Operations!$F$3)/$B$3) -> 15.125
A10: W04 | B10: =SUMIF(Link!$E$2:$E$521,Summary!A10,Link!$F$2:$F$521) -> 15.144545 | C10: =IF(Operations!$G$3=0,$B$1/$B$3,($B$1+Operations!$F$3)/$B$3) -> 15.125 | D10: {=IF(A10<>0,_xlfn.TEXTJOIN(", ",TRUE,_xlfn._xlws.FILTER(Link!$H$2:$H$521,(Link!$E$2:$E$521=Summary!A10)*(Link!$F$2:$F$521>0))),0)} -> May lai tay thẳng: 162 | E10: =IF(OR(B10=0,H10=0),0,IF(B10<=H10,"Bậc 2/Bậc 3","Bậc 4/Bậc 5")) -> Bậc 4/Bậc 5 | H10: =IF(Operations!$G$3=0,$B$1/$B$3,($B$1+Operations!$F$3)/$B$3) -> 15.125
A11: W05 | B11: =SUMIF(Link!$E$2:$E$521,Summary!A11,Link!$F$2:$F$521) -> 12.683455 | C11: =IF(Operations!$G$3=0,$B$1/$B$3,($B$1+Operations!$F$3)/$B$3) -> 15.125 | D11: này này | E11: =IF(OR(B11=0,H11=0),0,IF(B11<=H11,"Bậc 2/Bậc 3","Bậc 4/Bậc 5")) -> Bậc 2/Bậc 3 | H11: =IF(Operations!$G$3=0,$B$1/$B$3,($B$1+Operations!$F$3)/$B$3) -> 15.125
A12: W06 | B12: =SUMIF(Link!$E$2:$E$521,Summary!A12,Link!$F$2:$F$521) -> 16 | C12: =IF(Operations!$G$3=0,$B$1/$B$3,($B$1+Operations!$F$3)/$B$3) -> 15.125 | D12: {=IF(A12<>0,_xlfn.TEXTJOIN(", ",TRUE,_xlfn._xlws.FILTER(Link!$H$2:$H$521,(Link!$E$2:$E$521=Summary!A12)*(Link!$F$2:$F$521>0))),0)} -> VS vai: 163 | E12: =IF(OR(B12=0,H12=0),0,IF(B12<=H12,"Bậc 2/Bậc 3","Bậc 4/Bậc 5")) -> Bậc 4/Bậc 5 | H12: =IF(Operations!$G$3=0,$B$1/$B$3,($B$1+Operations!$F$3)/$B$3) -> 15.125
A13: W07 | B13: =SUMIF(Link!$E$2:$E$521,Summary!A13,Link!$F$2:$F$521) -> 16 | C13: =IF(Operations!$G$3=0,$B$1/$B$3,($B$1+Operations!$F$3)/$B$3) -> 15.125 | D13: {=IF(A13<>0,_xlfn.TEXTJOIN(", ",TRUE,_xlfn._xlws.FILTER(Link!$H$2:$H$521,(Link!$E$2:$E$521=Summary!A13)*(Link!$F$2:$F$521>0))),0)} -> VS tra bo cổ: 144 | E13: =IF(OR(B13=0,H13=0),0,IF(B13<=H13,"Bậc 2/Bậc 3","Bậc 4/Bậc 5")) -> Bậc 4/Bậc 5 | H13: =IF(Operations!$G$3=0,$B$1/$B$3,($B$1+Operations!$F$3)/$B$3) -> 15.125
A14: W08 | B14: =SUMIF(Link!$E$2:$E$521,Summary!A14,Link!$F$2:$F$521) -> 15.01 | C14: =IF(Operations!$G$3=0,$B$1/$B$3,($B$1+Operations!$F$3)/$B$3) -> 15.125 | D14: {=IF(A14<>0,_xlfn.TEXTJOIN(", ",TRUE,_xlfn._xlws.FILTER(Link!$H$2:$H$521,(Link!$E$2:$E$521=Summary!A14)*(Link!$F$2:$F$521>0))),0)} -> VS tra bo cổ: 86, VS vai: 66 | E14: =IF(OR(B14=0,H14=0),0,IF(B14<=H14,"Bậc 2/Bậc 3","Bậc 4/Bậc 5")) -> Bậc 2/Bậc 3 | H14: =IF(Operations!$G$3=0,$B$1/$B$3,($B$1+Operations!$F$3)/$B$3) -> 15.125
A15: W09 | B15: =SUMIF(Link!$E$2:$E$521,Summary!A15,Link!$F$2:$F$521) -> 15.18 | C15: =IF(Operations!$G$3=0,$B$1/$B$3,($B$1+Operations!$F$3)/$B$3) -> 15.125 | D15: {=IF(A15<>0,_xlfn.TEXTJOIN(", ",TRUE,_xlfn._xlws.FILTER(Link!$H$2:$H$521,(Link!$E$2:$E$521=Summary!A15)*(Link!$F$2:$F$521>0))),0)} -> Tra viền cổ sau: 237 | E15: =IF(OR(B15=0,H15=0),0,IF(B15<=H15,"Bậc 2/Bậc 3","Bậc 4/Bậc 5")) -> Bậc 4/Bậc 5 | H15: =IF(Operations!$G$3=0,$B$1/$B$3,($B$1+Operations!$F$3)/$B$3) -> 15.125
A16: W10 | B16: =SUMIF(Link!$E$2:$E$521,Summary!A16,Link!$F$2:$F$521) -> 16.7 | C16: =IF(Operations!$G$3=0,$B$1/$B$3,($B$1+Operations!$F$3)/$B$3) -> 15.125 | D16: {=IF(A16<>0,_xlfn.TEXTJOIN(", ",TRUE,_xlfn._xlws.FILTER(Link!$H$2:$H$521,(Link!$E$2:$E$521=Summary!A16)*(Link!$F$2:$F$521>0))),0)} -> Bẻ + gói chèo 2 đầu viền: 144 | E16: =IF(OR(B16=0,H16=0),0,IF(B16<=H16,"Bậc 2/Bậc 3","Bậc 4/Bậc 5")) -> Bậc 4/Bậc 5 | H16: =IF(Operations!$G$3=0,$B$1/$B$3,($B$1+Operations!$F$3)/$B$3) -> 15.125
A17: W11 | B17: =SUMIF(Link!$E$2:$E$521,Summary!A17,Link!$F$2:$F$521) -> 16.7 | C17: =IF(Operations!$G$3=0,$B$1/$B$3,($B$1+Operations!$F$3)/$B$3) -> 15.125 | D17: {=IF(A17<>0,_xlfn.TEXTJOIN(", ",TRUE,_xlfn._xlws.FILTER(Link!$H$2:$H$521,(Link!$E$2:$E$521=Summary!A17)*(Link!$F$2:$F$521>0))),0)} -> LD + lược 1 nhãn vào giữa cổ : 142 | E17: =IF(OR(B17=0,H17=0),0,IF(B17<=H17,"Bậc 2/Bậc 3","Bậc 4/Bậc 5")) -> Bậc 4/Bậc 5 | H17: =IF(Operations!$G$3=0,$B$1/$B$3,($B$1+Operations!$F$3)/$B$3) -> 15.125
A18: W12 | B18: =SUMIF(Link!$E$2:$E$521,Summary!A18,Link!$F$2:$F$521) -> 16.982 | C18: =IF(Operations!$G$3=0,$B$1/$B$3,($B$1+Operations!$F$3)/$B$3) -> 15.125 | D18: {=IF(A18<>0,_xlfn.TEXTJOIN(", ",TRUE,_xlfn._xlws.FILTER(Link!$H$2:$H$521,(Link!$E$2:$E$521=Summary!A18)*(Link!$F$2:$F$521>0))),0)} -> LD + lược 1 nhãn vào giữa cổ : 73, Bẻ + gói chèo 2 đầu viền: 70 | E18: =IF(OR(B18=0,H18=0),0,IF(B18<=H18,"Bậc 2/Bậc 3","Bậc 4/Bậc 5")) -> Bậc 4/Bậc 5 | H18: =IF(Operations!$G$3=0,$B$1/$B$3,($B$1+Operations!$F$3)/$B$3) -> 15.125
A19: W13 | B19: =SUMIF(Link!$E$2:$E$521,Summary!A19,Link!$F$2:$F$521) -> 15 | C19: =IF(Operations!$G$3=0,$B$1/$B$3,($B$1+Operations!$F$3)/$B$3) -> 15.125 | D19: {=IF(A19<>0,_xlfn.TEXTJOIN(", ",TRUE,_xlfn._xlws.FILTER(Link!$H$2:$H$521,(Link!$E$2:$E$521=Summary!A19)*(Link!$F$2:$F$521>0))),0)} -> Mí viền cổ - canh nhãn cổ: 175 | E19: =IF(OR(B19=0,H19=0),0,IF(B19<=H19,"Bậc 2/Bậc 3","Bậc 4/Bậc 5")) -> Bậc 2/Bậc 3 | H19: =IF(Operations!$G$3=0,$B$1/$B$3,($B$1+Operations!$F$3)/$B$3) -> 15.125
A20: W14 | B20: =SUMIF(Link!$E$2:$E$521,Summary!A20,Link!$F$2:$F$521) -> 16.5 | C20: =IF(Operations!$G$3=0,$B$1/$B$3,($B$1+Operations!$F$3)/$B$3) -> 15.125 | D20: {=IF(A20<>0,_xlfn.TEXTJOIN(", ",TRUE,_xlfn._xlws.FILTER(Link!$H$2:$H$521,(Link!$E$2:$E$521=Summary!A20)*(Link!$F$2:$F$521>0))),0)} -> VS tra tay thẳng: 95 | E20: =IF(OR(B20=0,H20=0),0,IF(B20<=H20,"Bậc 2/Bậc 3","Bậc 4/Bậc 5")) -> Bậc 4/Bậc 5 | H20: =IF(Operations!$G$3=0,$B$1/$B$3,($B$1+Operations!$F$3)/$B$3) -> 15.125
A21: W15 | B21: =SUMIF(Link!$E$2:$E$521,Summary!A21,Link!$F$2:$F$521) -> 16.5 | C21: =IF(Operations!$G$3=0,$B$1/$B$3,($B$1+Operations!$F$3)/$B$3) -> 15.125 | D21: {=IF(A21<>0,_xlfn.TEXTJOIN(", ",TRUE,_xlfn._xlws.FILTER(Link!$H$2:$H$521,(Link!$E$2:$E$521=Summary!A21)*(Link!$F$2:$F$521>0))),0)} -> VS tra tay thẳng: 95 | E21: =IF(OR(B21=0,H21=0),0,IF(B21<=H21,"Bậc 2/Bậc 3","Bậc 4/Bậc 5")) -> Bậc 4/Bậc 5 | H21: =IF(Operations!$G$3=0,$B$1/$B$3,($B$1+Operations!$F$3)/$B$3) -> 15.125
A22: W16 | B22: =SUMIF(Link!$E$2:$E$521,Summary!A22,Link!$F$2:$F$521) -> 15.078 | C22: =IF(Operations!$G$3=0,$B$1/$B$3,($B$1+Operations!$F$3)/$B$3) -> 15.125 | D22: {=IF(A22<>0,_xlfn.TEXTJOIN(", ",TRUE,_xlfn._xlws.FILTER(Link!$H$2:$H$521,(Link!$E$2:$E$521=Summary!A22)*(Link!$F$2:$F$521>0))),0)} -> Lược nhãn sườn: 239, VS tra tay thẳng: 32 | E22: =IF(OR(B22=0,H22=0),0,IF(B22<=H22,"Bậc 2/Bậc 3","Bậc 4/Bậc 5")) -> Bậc 2/Bậc 3 | H22: =IF(Operations!$G$3=0,$B$1/$B$3,($B$1+Operations!$F$3)/$B$3) -> 15.125
A23: W17 | B23: =SUMIF(Link!$E$2:$E$521,Summary!A23,Link!$F$2:$F$521) -> 14.408 | C23: =IF(Operations!$G$3=0,$B$1/$B$3,($B$1+Operations!$F$3)/$B$3) -> 15.125 | D23: {=IF(A23<>0,_xlfn.TEXTJOIN(", ",TRUE,_xlfn._xlws.FILTER(Link!$H$2:$H$521,(Link!$E$2:$E$521=Summary!A23)*(Link!$F$2:$F$521>0))),0)} -> VS sườn tay dài + sườn áo + gắn nhãn : 83 | E23: =IF(OR(B23=0,H23=0),0,IF(B23<=H23,"Bậc 2/Bậc 3","Bậc 4/Bậc 5")) -> Bậc 2/Bậc 3 | H23: =IF(Operations!$G$3=0,$B$1/$B$3,($B$1+Operations!$F$3)/$B$3) -> 15.125
... A30: W24 | B30: =SUMIF(Link!$E$2:$E$521,Summary!A30,Link!$F$2:$F$521) -> 15.048 | C30: =IF(Operations!$G$3=0,$B$1/$B$3,($B$1+Operations!$F$3)/$B$3) -> 15.125 | D30: {=IF(A30<>0,_xlfn.TEXTJOIN(", ",TRUE,_xlfn._xlws.FILTER(Link!$H$2:$H$521,(Link!$E$2:$E$521=Summary!A30)*(Link!$F$2:$F$521>0))),0)} -> May lai áo tròn: 120 | E30: =IF(OR(B30=0,H30=0),0,IF(B30<=H30,"Bậc 2/Bậc 3","Bậc 4/Bậc 5")) -> Bậc 2/Bậc 3 | H30: =IF(Operations!$G$3=0,$B$1/$B$3,($B$1+Operations!$F$3)/$B$3) -> 15.125
B31: =SUMIF(Link!$E$2:$E$521,Summary!A31,Link!$F$2:$F$521) -> 0 | C31: =IF(Operations!$G$3=0,$B$1/$B$3,($B$1+Operations!$F$3)/$B$3) -> 15.125 | D31: {=IF(A31<>0,_xlfn.TEXTJOIN(", ",TRUE,_xlfn._xlws.FILTER(Link!$H$2:$H$521,(Link!$E$2:$E$521=Summary!A31)*(Link!$F$2:$F$521>0))),0)} -> 0 | E31: =IF(OR(B31=0,H31=0),0,IF(B31<=H31,"Bậc 2/Bậc 3","Bậc 4/Bậc 5")) -> 0 | H31: =IF(Operations!$G$3=0,$B$1/$B$3,($B$1+Operations!$F$3)/$B$3) -> 15.125
B32: =SUMIF(Link!$E$2:$E$521,Summary!A32,Link!$F$2:$F$521) -> 0 | C32: =IF(Operations!$G$3=0,$B$1/$B$3,($B$1+Operations!$F$3)/$B$3) -> 15.125 | D32: {=IF(A32<>0,_xlfn.TEXTJOIN(", ",TRUE,_xlfn._xlws.FILTER(Link!$H$2:$H$521,(Link!$E$2:$E$521=Summary!A32)*(Link!$F$2:$F$521>0))),0)} -> 0 | E32: =IF(OR(B32=0,H32=0),0,IF(B32<=H32,"Bậc 2/Bậc 3","Bậc 4/Bậc 5")) -> 0 | H32: =IF(Operations!$G$3=0,$B$1/$B$3,($B$1+Operations!$F$3)/$B$3) -> 15.125
B33: =SUMIF(Link!$E$2:$E$521,Summary!A33,Link!$F$2:$F$521) -> 0 | C33: =IF(Operations!$G$3=0,$B$1/$B$3,($B$1+Operations!$F$3)/$B$3) -> 15.125 | D33: {=IF(A33<>0,_xlfn.TEXTJOIN(", ",TRUE,_xlfn._xlws.FILTER(Link!$H$2:$H$521,(Link!$E$2:$E$521=Summary!A33)*(Link!$F$2:$F$521>0))),0)} -> 0 | E33: =IF(OR(B33=0,H33=0),0,IF(B33<=H33,"Bậc 2/Bậc 3","Bậc 4/Bậc 5")) -> 0 | H33: =IF(Operations!$G$3=0,$B$1/$B$3,($B$1+Operations!$F$3)/$B$3) -> 15.125
B34: =SUMIF(Link!$E$2:$E$521,Summary!A34,Link!$F$2:$F$521) -> 0 | C34: =IF(Operations!$G$3=0,$B$1/$B$3,($B$1+Operations!$F$3)/$B$3) -> 15.125 | D34: {=IF(A34<>0,_xlfn.TEXTJOIN(", ",TRUE,_xlfn._xlws.FILTER(Link!$H$2:$H$521,(Link!$E$2:$E$521=Summary!A34)*(Link!$F$2:$F$521>0))),0)} -> 0 | E34: =IF(OR(B34=0,H34=0),0,IF(B34<=H34,"Bậc 2/Bậc 3","Bậc 4/Bậc 5")) -> 0 | H34: =IF(Operations!$G$3=0,$B$1/$B$3,($B$1+Operations!$F$3)/$B$3) -> 15.125
B35: =SUMIF(Link!$E$2:$E$521,Summary!A35,Link!$F$2:$F$521) -> 0 | C35: =IF(Operations!$G$3=0,$B$1/$B$3,($B$1+Operations!$F$3)/$B$3) -> 15.125 | D35: {=IF(A35<>0,_xlfn.TEXTJOIN(", ",TRUE,_xlfn._xlws.FILTER(Link!$H$2:$H$521,(Link!$E$2:$E$521=Summary!A35)*(Link!$F$2:$F$521>0))),0)} -> 0 | E35: =IF(OR(B35=0,H35=0),0,IF(B35<=H35,"Bậc 2/Bậc 3","Bậc 4/Bậc 5")) -> 0 | H35: =IF(Operations!$G$3=0,$B$1/$B$3,($B$1+Operations!$F$3)/$B$3) -> 15.125
B36: =SUMIF(Link!$E$2:$E$521,Summary!A36,Link!$F$2:$F$521) -> 0 | C36: =IF(Operations!$G$3=0,$B$1/$B$3,($B$1+Operations!$F$3)/$B$3) -> 15.125 | D36: {=IF(A36<>0,_xlfn.TEXTJOIN(", ",TRUE,_xlfn._xlws.FILTER(Link!$H$2:$H$521,(Link!$E$2:$E$521=Summary!A36)*(Link!$F$2:$F$521>0))),0)} -> 0 | E36: =IF(OR(B36=0,H36=0),0,IF(B36<=H36,"Bậc 2/Bậc 3","Bậc 4/Bậc 5")) -> 0 | H36: =IF(Operations!$G$3=0,$B$1/$B$3,($B$1+Operations!$F$3)/$B$3) -> 15.125

Sheet Operations
A1: Takt-time: | B1: =Summary!$H$7 -> 15.125 | H1: Allocation worker | L1: Weight of Workload
A2: OpID | B2: GSD ID | C2: Operations | D2: Machine | E2: Level | F2: SMV (s) | G2: WorkerQty | H2: Worker1 | I2: Worker2 | J2: Worker3 | K2: Worker4 | L2: Worker1 | M2: Worker2 | N2: Worker3 | O2: Worker4
A3: OP01 | C3: Treo móc | F3: 20 | G3: =COUNTA(H3:K3) -> 2 | H3: W01 | I3: W02 | L3: =15/20 -> 0.75 | M3: 0.25 | N3: 0 | O3: 0
A4: OP02 | B4: 15 | C4: Khóa lai áo tròn | D4: MB | E4: C | F4: 12.144 | G4: =COUNTA(H4:K4) -> 1 | H4: W22 | L4: =1/$G4 -> 1 | M4: =1/$G4 -> 1 | N4: =1/$G4 -> 1 | O4: =1/$G4 -> 1
A5: OP03 | B5: 14 | C5: May lai áo tròn | D5: KS2K | E5: B | F5: 30.096 | G5: =COUNTA(H5:K5) -> 2 | H5: W23 | I5: W24 | L5: =1/$G5 -> 0.5 | M5: =1/$G5 -> 0.5 | N5: =1/$G5 -> 0.5 | O5: =1/$G5 -> 0.5
A6: OP04 | B6: 13 | C6: Khóa lai tay dài | D6: MVS | E6: B | F6: 29.694 | G6: =COUNTA(H6:K6) -> 2 | H6: W20 | I6: W21 | L6: =1/$G6 -> 0.5 | M6: =1/$G6 -> 0.5 | N6: =1/$G6 -> 0.5 | O6: =1/$G6 -> 0.5
A7: OP05 | B7: 12 | C7: VS sườn tay dài + sườn áo + gắn nhãn | D7: MVS | E7: B | F7: 43.224 | G7: =COUNTA(H7:K7) -> 3 | H7: W17 | I7: W18 | J7: W19 | L7: =1/$G7 -> 0.33333333 | M7: =1/$G7 -> 0.33333333 | N7: =1/$G7 -> 0.33333333 | O7: =1/$G7 -> 0.33333333
A8: OP06 | B8: 11 | C8: Lược nhãn sườn | D8: MB | E8: C | F8: 10.032 | G8: =COUNTA(H8:K8) -> 1 | H8: W16 | L8: =1/$G8 -> 1 | M8: =1/$G8 -> 1 | N8: =1/$G8 -> 1 | O8: =1/$G8 -> 1
A9: OP07 | B9: 10 | C9: VS tra tay thẳng | D9: MVS | E9: B | F9: 38.046 | G9: =COUNTA(H9:K9) -> 3 | H9: W14 | I9: W15 | J9: W16 | L9: =16.5/F9 -> 0.43368554 | M9: =16.5/F9 -> 0.43368554 | N9: =1-L9-M9 -> 0.13262892 | O9: 0
A10: OP08 | B10: 9 | C10: Mí viền cổ - canh nhãn cổ | D10: MB | E10: B | F10: 20.616 | G10: =COUNTA(H10:K10) -> 2 | H10: W13 | I10: W05 | L10: =15/F10 -> 0.72759022 | M10: =1-L10 -> 0.27240978 | N10: 0 | O10: 0
A11: OP09 | B11: 8 | C11: LD + lược 1 nhãn vào giữa cổ | D11: MB | E11: B | F11: 25.392 | G11: =COUNTA(H11:K11) -> 2 | H11: W11 | I11: W12 | L11: =16.7/F11 -> 0.65768746 | M11: =1-L11 -> 0.34231254 | N11: 0 | O11: 0
A12: OP10 | B12: 7 | C12: Bẻ + gói chèo 2 đầu viền | D12: MB | E12: B | F12: 24.99 | G12: =COUNTA(H12:K12) -> 2 | H12: W10 | I12: W12 | L12: =16.7/F12 -> 0.66826731 | M12: =1-L12 -> 0.33173269 | N12: 0 | O12: 0
A13: OP11 | B13: 6 | C13: Tra viền cổ sau | D13: MB | E13: B | F13: 15.18 | G13: =COUNTA(H13:K13) -> 1 | H13: W09 | L13: =1/$G13 -> 1 | M13: =1/$G13 -> 1 | N13: =1/$G13 -> 1 | O13: =1/$G13 -> 1
A14: OP12 | B14: 5 | C14: VS tra bo cổ | D14: MVS | E14: B | F14: 24.972 | G14: =COUNTA(H14:K14) -> 2 | H14: W07 | I14: W08 | L14: =16/F14 -> 0.6407176 | M14: =1-L14 -> 0.3592824 | N14: 0 | O14: 0
A15: OP13 | B15: 4 | C15: VS vai | D15: MVS | E15: B | F15: 22.038 | G15: =COUNTA(H15:K15) -> 2 | H15: W06 | I15: W08 | L15: =16/F15 -> 0.72601869 | M15: =1-L15 -> 0.27398131 | N15: 0 | O15: 0
A16: OP14 | B16: 3 | C16: May lai tay thẳng | D16: KS2K | E16: B | F16: 22.212 | G16: =COUNTA(H16:K16) -> 2 | H16: W04 | I16: W05 | L16: =15/22 -> 0.68181818 | M16: =1-L16 -> 0.31818182 | N16: 0 | O16: 0
A17: OP15 | B17: 2 | C17: Lộn + lược chân bo cổ | D17: MB | E17: B | F17: 15.798 | G17: =COUNTA(H17:K17) -> 1 | H17: W03 | L17: =1/$G17 -> 1 | M17: =1/$G17 -> 1 | N17: =1/$G17 -> 1 | O17: =1/$G17 -> 1
A18: OP16 | B18: 1 | C18: Nối bo cổ RIB | D18: MB | E18: C | F18: 8.766 | G18: =COUNTA(H18:K18) -> 1 | H18: W02 | L18: =1/$G18 -> 1 | M18: =1/$G18 -> 1 | N18: =1/$G18 -> 1 | O18: =1/$G18 -> 1
A19: OP17 | G19: =COUNTA(H19:K19) -> 0 | L19: =1/$G19 -> #DIV/0! | M19: =1/$G19 -> #DIV/0! | N19: =1/$G19 -> #DIV/0! | O19: =1/$G19 -> #DIV/0!
A20: OP18 | G20: =COUNTA(H20:K20) -> 0 | L20: =1/$G20 -> #DIV/0! | M20: =1/$G20 -> #DIV/0! | N20: =1/$G20 -> #DIV/0! | O20: =1/$G20 -> #DIV/0!
A21: OP19 | G21: =COUNTA(H21:K21) -> 0 | L21: =1/$G21 -> #DIV/0! | M21: =1/$G21 -> #DIV/0! | N21: =1/$G21 -> #DIV/0! | O21: =1/$G21 -> #DIV/0!
A22: OP20 | G22: =COUNTA(H22:K22) -> 0 | L22: =1/$G22 -> #DIV/0! | M22: =1/$G22 -> #DIV/0! | N22: =1/$G22 -> #DIV/0! | O22: =1/$G22 -> #DIV/0!
A23: OP21 | G23: =COUNTA(H23:K23) -> 0 | L23: =1/$G23 -> #DIV/0! | M23: =1/$G23 -> #DIV/0! | N23: =1/$G23 -> #DIV/0! | O23: =1/$G23 -> #DIV/0!
A24: OP22 | G24: =COUNTA(H24:K24) -> 0 | L24: =1/$G24 -> #DIV/0! | M24: =1/$G24 -> #DIV/0! | N24: =1/$G24 -> #DIV/0! | O24: =1/$G24 -> #DIV/0!
A25: OP23 | G25: =COUNTA(H25:K25) -> 0 | L25: =1/$G25 -> #DIV/0! | M25: =1/$G25 -> #DIV/0! | N25: =1/$G25 -> #DIV/0! | O25: =1/$G25 -> #DIV/0!
A26: OP24 | G26: =COUNTA(H26:K26) -> 0 | L26: =1/$G26 -> #DIV/0! | M26: =1/$G26 -> #DIV/0! | N26: =1/$G26 -> #DIV/0! | O26: =1/$G26 -> #DIV/0!
A27: OP25 | G27: =COUNTA(H27:K27) -> 0 | L27: =1/$G27 -> #DIV/0! | M27: =1/$G27 -> #DIV/0! | N27: =1/$G27 -> #DIV/0! | O27: =1/$G27 -> #DIV/0!
A28: OP26 | G28: =COUNTA(H28:K28) -> 0 | L28: =1/$G28 -> #DIV/0! | M28: =1/$G28 -> #DIV/0! | N28: =1/$G28 -> #DIV/0! | O28: =1/$G28 -> #DIV/0!
A29: OP27 | G29: =COUNTA(H29:K29) -> 0 | L29: =1/$G29 -> #DIV/0! | M29: =1/$G29 -> #DIV/0! | N29: =1/$G29 -> #DIV/0! | O29: =1/$G29 -> #DIV/0!
A30: OP28 | G30: =COUNTA(H30:K30) -> 0 | L30: =1/$G30 -> #DIV/0! | M30: =1/$G30 -> #DIV/0! | N30: =1/$G30 -> #DIV/0! | O30: =1/$G30 -> #DIV/0!
... A132: OP130 | G132: =COUNTA(H132:K132) -> 0 | L132: =1/$G132 -> #DIV/0! | M132: =1/$G132 -> #DIV/0! | N132: =1/$G132 -> #DIV/0! | O132: =1/$G132 -> #DIV/0!

Sheet Link
A1: Operations | B1: GSD ID | C1: Operations | D1: Worker | E1: Worker | F1: Time (s) | G1: Target | H1: Target
A2: OP01 | B2: =VLOOKUP(A2,Operations!$A$3:$B$132,2,TRUE) -> 0 | C2: =VLOOKUP(A2,Operations!$A$3:$C$132,3,0) -> Treo móc | D2: Worker1 | E2: =IFERROR(INDEX(Operations!$H$3:$K$132,MATCH(A2,Operations!$A$3:$A$132,0),MATCH(Link!D2,Operations!$H$2:$K$2,0)),"") -> W01 | F2: =IF(E2<>0,IFERROR(VLOOKUP(A2,Operations!$A$3:$F$132,6,FALSE)*INDEX(Operations!$L$3:$O$132,MATCH(Link!A2,Operations!$A$3:$A$132,0),MATCH(Link!D2,Operations!$L$2:$O$2,0)),0)) -> 15 | G2: =ROUND((3600*F2/SUMIF($E$2:$E$521,E2,$F$2:$F$521))/VLOOKUP(A2,Operations!$A$3:$F$132,6,FALSE),0) -> 180 | H2: =C2&":"&" "&G2 -> Treo móc: 180
A3: OP02 | B3: =VLOOKUP(A3,Operations!$A$3:$B$132,2,TRUE) -> 15 | C3: =VLOOKUP(A3,Operations!$A$3:$C$132,3,0) -> Khóa lai áo tròn | D3: Worker1 | E3: =IFERROR(INDEX(Operations!$H$3:$K$132,MATCH(A3,Operations!$A$3:$A$132,0),MATCH(Link!D3,Operations!$H$2:$K$2,0)),"") -> W22 | F3: =IF(E3<>0,IFERROR(VLOOKUP(A3,Operations!$A$3:$F$132,6,FALSE)*INDEX(Operations!$L$3:$O$132,MATCH(Link!A3,Operations!$A$3:$A$132,0),MATCH(Link!D3,Operations!$L$2:$O$2,0)),0)) -> 12.144 | G3: =ROUND((3600*F3/SUMIF($E$2:$E$521,E3,$F$2:$F$521))/VLOOKUP(A3,Operations!$A$3:$F$132,6,FALSE),0) -> 296 | H3: =C3&":"&" "&G3 -> Khóa lai áo tròn: 296
A4: OP03 | B4: =VLOOKUP(A4,Operations!$A$3:$B$132,2,TRUE) -> 14 | C4: =VLOOKUP(A4,Operations!$A$3:$C$132,3,0) -> May lai áo tròn | D4: Worker1 | E4: =IFERROR(INDEX(Operations!$H$3:$K$132,MATCH(A4,Operations!$A$3:$A$132,0),MATCH(Link!D4,Operations!$H$2:$K$2,0)),"") -> W23 | F4: =IF(E4<>0,IFERROR(VLOOKUP(A4,Operations!$A$3:$F$132,6,FALSE)*INDEX(Operations!$L$3:$O$132,MATCH(Link!A4,Operations!$A$3:$A$132,0),MATCH(Link!D4,Operations!$L$2:$O$2,0)),0)) -> 15.048 | G4: =ROUND((3600*F4/SUMIF($E$2:$E$521,E4,$F$2:$F$521))/VLOOKUP(A4,Operations!$A$3:$F$132,6,FALSE),0) -> 120 | H4: =C4&":"&" "&G4 -> May lai áo tròn: 120
A5: OP04 | B5: =VLOOKUP(A5,Operations!$A$3:$B$132,2,TRUE) -> 13 | C5: =VLOOKUP(A5,Operations!$A$3:$C$132,3,0) -> Khóa lai tay dài | D5: Worker1 | E5: =IFERROR(INDEX(Operations!$H$3:$K$132,MATCH(A5,Operations!$A$3:$A$132,0),MATCH(Link!D5,Operations!$H$2:$K$2,0)),"") -> W20 | F5: =IF(E5<>0,IFERROR(VLOOKUP(A5,Operations!$A$3:$F$132,6,FALSE)*INDEX(Operations!$L$3:$O$132,MATCH(Link!A5,Operations!$A$3:$A$132,0),MATCH(Link!D5,Operations!$L$2:$O$2,0)),0)) -> 14.847 | G5: =ROUND((3600*F5/SUMIF($E$2:$E$521,E5,$F$2:$F$521))/VLOOKUP(A5,Operations!$A$3:$F$132,6,FALSE),0) -> 121 | H5: =C5&":"&" "&G5 -> Khóa lai tay dài: 121
A6: OP05 | B6: =VLOOKUP(A6,Operations!$A$3:$B$132,2,TRUE) -> 12 | C6: =VLOOKUP(A6,Operations!$A$3:$C$132,3,0) -> VS sườn tay dài + sườn áo + gắn nhãn | D6: Worker1 | E6: =IFERROR(INDEX(Operations!$H$3:$K$132,MATCH(A6,Operations!$A$3:$A$132,0),MATCH(Link!D6,Operations!$H$2:$K$2,0)),"") -> W17 | F6: =IF(E6<>0,IFERROR(VLOOKUP(A6,Operations!$A$3:$F$132,6,FALSE)*INDEX(Operations!$L$3:$O$132,MATCH(Link!A6,Operations!$A$3:$A$132,0),MATCH(Link!D6,Operations!$L$2:$O$2,0)),0)) -> 14.408 | G6: =ROUND((3600*F6/SUMIF($E$2:$E$521,E6,$F$2:$F$521))/VLOOKUP(A6,Operations!$A$3:$F$132,6,FALSE),0) -> 83 | H6: =C6&":"&" "&G6 -> VS sườn tay dài + sườn áo + gắn nhãn : 83
A7: OP06 | B7: =VLOOKUP(A7,Operations!$A$3:$B$132,2,TRUE) -> 11 | C7: =VLOOKUP(A7,Operations!$A$3:$C$132,3,0) -> Lược nhãn sườn | D7: Worker1 | E7: =IFERROR(INDEX(Operations!$H$3:$K$132,MATCH(A7,Operations!$A$3:$A$132,0),MATCH(Link!D7,Operations!$H$2:$K$2,0)),"") -> W16 | F7: =IF(E7<>0,IFERROR(VLOOKUP(A7,Operations!$A$3:$F$132,6,FALSE)*INDEX(Operations!$L$3:$O$132,MATCH(Link!A7,Operations!$A$3:$A$132,0),MATCH(Link!D7,Operations!$L$2:$O$2,0)),0)) -> 10.032 | G7: =ROUND((3600*F7/SUMIF($E$2:$E$521,E7,$F$2:$F$521))/VLOOKUP(A7,Operations!$A$3:$F$132,6,FALSE),0) -> 239 | H7: =C7&":"&" "&G7 -> Lược nhãn sườn: 239
A8: OP07 | B8: =VLOOKUP(A8,Operations!$A$3:$B$132,2,TRUE) -> 10 | C8: =VLOOKUP(A8,Operations!$A$3:$C$132,3,0) -> VS tra tay thẳng | D8: Worker1 | E8: =IFERROR(INDEX(Operations!$H$3:$K$132,MATCH(A8,Operations!$A$3:$A$132,0),MATCH(Link!D8,Operations!$H$2:$K$2,0)),"") -> W14 | F8: =IF(E8<>0,IFERROR(VLOOKUP(A8,Operations!$A$3:$F$132,6,FALSE)*INDEX(Operations!$L$3:$O$132,MATCH(Link!A8,Operations!$A$3:$A$132,0),MATCH(Link!D8,Operations!$L$2:$O$2,0)),0)) -> 16.5 | G8: =ROUND((3600*F8/SUMIF($E$2:$E$521,E8,$F$2:$F$521))/VLOOKUP(A8,Operations!$A$3:$F$132,6,FALSE),0) -> 95 | H8: =C8&":"&" "&G8 -> VS tra tay thẳng: 95
A9: OP08 | B9: =VLOOKUP(A9,Operations!$A$3:$B$132,2,TRUE) -> 9 | C9: =VLOOKUP(A9,Operations!$A$3:$C$132,3,0) -> Mí viền cổ - canh nhãn cổ | D9: Worker1 | E9: =IFERROR(INDEX(Operations!$H$3:$K$132,MATCH(A9,Operations!$A$3:$A$132,0),MATCH(Link!D9,Operations!$H$2:$K$2,0)),"") -> W13 | F9: =IF(E9<>0,IFERROR(VLOOKUP(A9,Operations!$A$3:$F$132,6,FALSE)*INDEX(Operations!$L$3:$O$132,MATCH(Link!A9,Operations!$A$3:$A$132,0),MATCH(Link!D9,Operations!$L$2:$O$2,0)),0)) -> 15 | G9: =ROUND((3600*F9/SUMIF($E$2:$E$521,E9,$F$2:$F$521))/VLOOKUP(A9,Operations!$A$3:$F$132,6,FALSE),0) -> 175 | H9: =C9&":"&" "&G9 -> Mí viền cổ - canh nhãn cổ: 175
A10: OP09 | B10: =VLOOKUP(A10,Operations!$A$3:$B$132,2,TRUE) -> 8 | C10: =VLOOKUP(A10,Operations!$A$3:$C$132,3,0) -> LD + lược 1 nhãn vào giữa cổ | D10: Worker1 | E10: =IFERROR(INDEX(Operations!$H$3:$K$132,MATCH(A10,Operations!$A$3:$A$132,0),MATCH(Link!D10,Operations!$H$2:$K$2,0)),"") -> W11 | F10: =IF(E10<>0,IFERROR(VLOOKUP(A10,Operations!$A$3:$F$132,6,FALSE)*INDEX(Operations!$L$3:$O$132,MATCH(Link!A10,Operations!$A$3:$A$132,0),MATCH(Link!D10,Operations!$L$2:$O$2,0)),0)) -> 16.7 | G10: =ROUND((3600*F10/SUMIF($E$2:$E$521,E10,$F$2:$F$521))/VLOOKUP(A10,Operations!$A$3:$F$132,6,FALSE),0) -> 142 | H10: =C10&":"&" "&G10 -> LD + lược 1 nhãn vào giữa cổ : 142
A11: OP10 | B11: =VLOOKUP(A11,Operations!$A$3:$B$132,2,TRUE) -> 7 | C11: =VLOOKUP(A11,Operations!$A$3:$C$132,3,0) -> Bẻ + gói chèo 2 đầu viền | D11: Worker1 | E11: =IFERROR(INDEX(Operations!$H$3:$K$132,MATCH(A11,Operations!$A$3:$A$132,0),MATCH(Link!D11,Operations!$H$2:$K$2,0)),"") -> W10 | F11: =IF(E11<>0,IFERROR(VLOOKUP(A11,Operations!$A$3:$F$132,6,FALSE)*INDEX(Operations!$L$3:$O$132,MATCH(Link!A11,Operations!$A$3:$A$132,0),MATCH(Link!D11,Operations!$L$2:$O$2,0)),0)) -> 16.7 | G11: =ROUND((3600*F11/SUMIF($E$2:$E$521,E11,$F$2:$F$521))/VLOOKUP(A11,Operations!$A$3:$F$132,6,FALSE),0) -> 144 | H11: =C11&":"&" "&G11 -> Bẻ + gói chèo 2 đầu viền: 144
A12: OP11 | B12: =VLOOKUP(A12,Operations!$A$3:$B$132,2,TRUE) -> 6 | C12: =VLOOKUP(A12,Operations!$A$3:$C$132,3,0) -> Tra viền cổ sau | D12: Worker1 | E12: =IFERROR(INDEX(Operations!$H$3:$K$132,MATCH(A12,Operations!$A$3:$A$132,0),MATCH(Link!D12,Operations!$H$2:$K$2,0)),"") -> W09 | F12: =IF(E12<>0,IFERROR(VLOOKUP(A12,Operations!$A$3:$F$132,6,FALSE)*INDEX(Operations!$L$3:$O$132,MATCH(Link!A12,Operations!$A$3:$A$132,0),MATCH(Link!D12,Operations!$L$2:$O$2,0)),0)) -> 15.18 | G12: =ROUND((3600*F12/SUMIF($E$2:$E$521,E12,$F$2:$F$521))/VLOOKUP(A12,Operations!$A$3:$F$132,6,FALSE),0) -> 237 | H12: =C12&":"&" "&G12 -> Tra viền cổ sau: 237
A13: OP12 | B13: =VLOOKUP(A13,Operations!$A$3:$B$132,2,TRUE) -> 5 | C13: =VLOOKUP(A13,Operations!$A$3:$C$132,3,0) -> VS tra bo cổ | D13: Worker1 | E13: =IFERROR(INDEX(Operations!$H$3:$K$132,MATCH(A13,Operations!$A$3:$A$132,0),MATCH(Link!D13,Operations!$H$2:$K$2,0)),"") -> W07 | F13: =IF(E13<>0,IFERROR(VLOOKUP(A13,Operations!$A$3:$F$132,6,FALSE)*INDEX(Operations!$L$3:$O$132,MATCH(Link!A13,Operations!$A$3:$A$132,0),MATCH(Link!D13,Operations!$L$2:$O$2,0)),0)) -> 16 | G13: =ROUND((3600*F13/SUMIF($E$2:$E$521,E13,$F$2:$F$521))/VLOOKUP(A13,Operations!$A$3:$F$132,6,FALSE),0) -> 144 | H13: =C13&":"&" "&G13 -> VS tra bo cổ: 144
... A521: OP130 | B521: =VLOOKUP(A521,Operations!$A$3:$B$132,2,TRUE) -> 4 | C521: =VLOOKUP(A521,Operations!$A$3:$C$132,3,0) -> 0 | D521: Worker4 | E521: =IFERROR(INDEX(Operations!$H$3:$K$132,MATCH(A521,Operations!$A$3:$A$132,0),MATCH(Link!D521,Operations!$H$2:$K$2,0)),"") -> 0 | F521: =IF(E521<>0,IFERROR(VLOOKUP(A521,Operations!$A$3:$F$132,6,FALSE)*INDEX(Operations!$L$3:$O$132,MATCH(Link!A521,Operations!$A$3:$A$132,0),MATCH(Link!D521,Operations!$L$2:$O$2,0)),0)) -> FALSE | G521: =ROUND((3600*F521/SUMIF($E$2:$E$521,E521,$F$2:$F$521))/VLOOKUP(A521,Operations!$A$3:$F$132,6,FALSE),0) -> #DIV/0! | H521: =C521&":"&" "&G521 -> #DIV/0!

Sheet Data Validation
A1: 2 | B1: 1
A2: 3 | B2: 2
A3: 5 | B3: 3
A4: VL | B4: 4
B5: 5
B6: 6
B7: 7
B8: 8
B9: 9
B10: 10
B11: 11
B12: 12
B13: 13
B14: 14
B15: 15
B16: 16
... B29: 29
